false,wordstionary,4642614
false,wordstionary,4642614
false,wordstionary,4641104
false,wordstionary,4641104
false,empireofthekop,1857456
false,ThePowerfulPics,1541006
false,ThePowerfulPics,1541006
false,ThePowerfulPics,1540659
false,ApoyoVial,1215286
false,iambobongquotes,1002778
false,kicksonfire,922644
false,kicksonfire,922636
false,kicksonfire,922628
false,kicksonfire,922628
false,kicksonfire,922626
false,kicksonfire,922626
false,kicksonfire,922546
false,kicksonfire,922543
false,kicksonfire,922543
false,kicksonfire,922541
