Sneaker News,743852,"","Japanese brand Bed J.W. Ford has reconceptualized the adidas Kamanda, Crazy BYW X, and Korsikaâ€¦ https://t.co/Zqqxp4C6iU"
Sneaker News,743815,"","Nike's brand-new Adapt Huarache releases tomorrow. Worth $350 or nah?
https://t.co/nlbJtoPzyr https://t.co/RjKVz0a7Km"
Sportsnet,699212,"","In a collaboration with Nike, the @Raptors have launched a new line of team-branded hijabs as part of a broader effâ€¦ https://t.co/7tBfXEl4dm"
FOLLOWBACK? CHECK PINNED TWEET,123694,"",{np} Sepatu branded ori harga dijamin di bawah store!! Cek sini kuyyy ori 1000% or money-back guarantee! ğŸ˜ğŸ˜ğŸ˜ https://t.co/5vc1NBOq2f
PUMA South Africa,92384,"",â€œI've made so many statements in my work in the industry and I feel like PUMA is the first brand to acknowledge meâ€¦ https://t.co/q1ODLUKsdX
Luide,57925,"","puts tÃ¡ sobrando yeezy desert boot no site da adidas

sou louco por um desses, mas nÃ£o, semana passada jÃ¡ peguei oâ€¦ https://t.co/uj1SH7mM84"
Yeezy Releases,55590,"","Nike's brand-new Adapt Huarache releases tomorrow. Worth $350 or nah?
&gt;&gt;https://t.co/8jmU1aDNjk https://t.co/tPpwYht69Q"
80s Casual Classics,47921,"","Check out these fresh jackets and trainer combos we have available on the website. From brands such as Ellesse, Lylâ€¦ https://t.co/KytwVhxGF0"
Sophia Lee,40371,"","Nike's brand-new Adapt Huarache releases today. Worth $350 or nah?
https://t.co/QRJdu9BCak https://t.co/IgcAoVMV5E"
Proud 2 Be A Problem,37407,"",Brought some nike AirMax 90 for $87 brand new 7months ago and just sold em used for $78 https://t.co/F66TnquSA3
Adidas Ultra Boost,37366,"","Nike's brand-new Adapt Huarache releases tomorrow. Worth $350 or nah?
https://t.co/syEiwPKLvNâ€¦ https://t.co/PV7BwuK0EG"
Not so Contemplative lately !! ğŸ¤·ğŸ½â€â™‚ï¸,36332,"",RT @brand1usa: Nike did it because they knew you'd be mad
Sneaker News,33251,"","Nike's brand-new Adapt Huarache releases today. Worth $350 or nah?
https://t.co/srGUb5QO7J https://t.co/CZ4xA6dGJQ"
Candy Heart,31297,"","RT @Ra__kiia: GUYS buy your brandnew Nike VaporMax going for 
Cool 220ghâœ…ğŸ¥‡ğŸ”¥

Delivery ğŸšš all over ghğŸ‡¬ğŸ‡­
All sizes and colors available 

Follâ€¦"
Auction Watcher,30733,"","Off-white x nike air max 90 desert Ore virgil abloh,brand new never worn size 9 https://t.co/Xfyqb8yw7T"
